{"current_time": 1658793600000, "data": [[1658793600000, 12.1], [1658880000000, 10.548013687133789], [1658966400000, 10.268097877502441], [1659052800000, 10.032147407531738], [1659139200000, 9.82679271697998], [1659225600000, 9.625329971313477], [1659312000000, 9.441505432128906], [1659398400000, 9.29341983795166], [1659484800000, 9.19532585144043], [1659571200000, 9.135798454284668], [1659657600000, 9.08130931854248], [1659744000000, 9.017317771911621], [1659830400000, 8.943868637084961], [1659916800000, 8.854718208312988], [1660003200000, 8.738838195800781], [1660089600000, 8.641692161560059], [1660176000000, 8.572345733642578], [1660262400000, 8.546138763427734], [1660348800000, 8.558347702026367], [1660435200000, 8.596989631652832], [1660521600000, 8.652454376220703], [1660608000000, 8.719017028808594], [1660694400000, 8.783161163330078], [1660780800000, 8.82996940612793], [1660867200000, 8.853034973144531], [1660953600000, 8.84825611114502], [1661040000000, 8.810185432434082], [1661126400000, 8.743204116821289], [1661212800000, 8.679643630981445], [1661299200000, 8.629964828491211], [1661385600000, 8.596095085144043], [1661472000000, 8.588580131530762], [1661558400000, 8.606290817260742], [1661644800000, 8.644176483154297], [1661731200000, 8.687908172607422], [1661817600000, 8.72612190246582], [1661904000000, 8.755728721618652], [1661990400000, 8.777097702026367], [1662076800000, 8.79504108428955], [1662163200000, 8.81217098236084], [1662249600000, 8.825623512268066], [1662336000000, 8.834918975830078], [1662422400000, 8.841485977172852], [1662508800000, 8.844807624816895], [1662595200000, 8.845932006835938], [1662681600000, 8.84684944152832], [1662768000000, 8.847733497619629], [1662854400000, 8.846566200256348], [1662940800000, 8.843762397766113], [1663027200000, 8.841341018676758], [1663113600000, 8.840088844299316], [1663200000000, 8.84228229522705], [1663286400000, 8.850184440612793], [1663372800000, 8.862679481506348], [1663459200000, 8.877944946289062], [1663545600000, 8.894062042236328], [1663632000000, 8.904199600219727], [1663718400000, 8.903231620788574], [1663804800000, 8.893135070800781], [1663891200000, 8.878498077392578]]}