{"current_time": 1658793600000, "data": [[1658793600000, 12.1], [1658880000000, 12.383682250976562], [1658966400000, 12.534699440002441], [1659052800000, 12.656484603881836], [1659139200000, 12.73721694946289], [1659225600000, 12.785265922546387], [1659312000000, 12.829696655273438], [1659398400000, 12.890028953552246], [1659484800000, 12.958579063415527], [1659571200000, 13.02469539642334], [1659657600000, 13.07742691040039], [1659744000000, 13.110705375671387], [1659830400000, 13.130819320678711], [1659916800000, 13.149548530578613], [1660003200000, 13.171550750732422], [1660089600000, 13.190762519836426], [1660176000000, 13.200764656066895], [1660262400000, 13.204497337341309], [1660348800000, 13.198515892028809], [1660435200000, 13.175973892211914], [1660521600000, 13.126014709472656], [1660608000000, 13.06700611114502], [1660694400000, 13.017023086547852], [1660780800000, 12.997446060180664], [1660867200000, 13.000996589660645], [1660953600000, 13.006264686584473], [1661040000000, 13.007773399353027], [1661126400000, 12.981218338012695], [1661212800000, 12.951248168945312], [1661299200000, 12.94433307647705], [1661385600000, 12.967534065246582], [1661472000000, 13.002601623535156], [1661558400000, 13.024803161621094], [1661644800000, 13.022558212280273], [1661731200000, 13.00004768371582], [1661817600000, 12.979658126831055], [1661904000000, 12.975672721862793], [1661990400000, 12.989053726196289], [1662076800000, 13.015161514282227], [1662163200000, 13.039487838745117], [1662249600000, 13.052373886108398], [1662336000000, 13.05223274230957], [1662422400000, 13.050992965698242], [1662508800000, 13.048874855041504], [1662595200000, 13.041877746582031], [1662681600000, 13.03311538696289], [1662768000000, 13.027765274047852], [1662854400000, 13.032402038574219], [1662940800000, 13.050332069396973], [1663027200000, 13.076010704040527], [1663113600000, 13.105510711669922], [1663200000000, 13.140220642089844], [1663286400000, 13.179163932800293], [1663372800000, 13.22132682800293], [1663459200000, 13.264269828796387], [1663545600000, 13.304300308227539], [1663632000000, 13.340757369995117], [1663718400000, 13.374828338623047], [1663804800000, 13.406410217285156], [1663891200000, 13.436152458190918]]}