{"current_time": 1658793600000, "data": [[1658793600000, 11.7], [1658880000000, 11.423978805541992], [1658966400000, 11.45033073425293], [1659052800000, 11.475680351257324], [1659139200000, 11.424036979675293], [1659225600000, 11.246193885803223], [1659312000000, 11.137174606323242], [1659398400000, 11.093960762023926], [1659484800000, 10.976693153381348], [1659571200000, 10.898124694824219], [1659657600000, 10.852287292480469], [1659744000000, 10.839202880859375], [1659830400000, 10.858370780944824], [1659916800000, 10.913631439208984], [1660003200000, 10.98788833618164], [1660089600000, 11.031745910644531], [1660176000000, 11.051948547363281], [1660262400000, 11.067907333374023], [1660348800000, 11.068660736083984], [1660435200000, 11.035271644592285], [1660521600000, 11.01345157623291], [1660608000000, 10.987268447875977], [1660694400000, 10.955399513244629], [1660780800000, 10.972023963928223], [1660867200000, 11.02320671081543], [1660953600000, 11.136966705322266], [1661040000000, 11.281455993652344], [1661126400000, 11.356749534606934], [1661212800000, 11.251382827758789], [1661299200000, 11.40388011932373], [1661385600000, 11.12767505645752], [1661472000000, 10.808531761169434], [1661558400000, 10.80296802520752], [1661644800000, 10.863222122192383], [1661731200000, 10.809804916381836], [1661817600000, 10.860859870910645], [1661904000000, 10.773184776306152], [1661990400000, 10.202890396118164], [1662076800000, 9.68115234375], [1662163200000, 9.571455955505371], [1662249600000, 9.642484664916992], [1662336000000, 9.815555572509766], [1662422400000, 9.895673751831055], [1662508800000, 9.884016990661621], [1662595200000, 9.806944847106934], [1662681600000, 9.648094177246094], [1662768000000, 9.650459289550781], [1662854400000, 9.69427490234375], [1662940800000, 9.78711986541748], [1663027200000, 9.882922172546387], [1663113600000, 9.842029571533203], [1663200000000, 9.636210441589355], [1663286400000, 9.380961418151855], [1663372800000, 9.394845008850098], [1663459200000, 9.500518798828125], [1663545600000, 9.552177429199219], [1663632000000, 9.45378303527832], [1663718400000, 9.102006912231445], [1663804800000, 8.903926849365234], [1663891200000, 8.827363967895508]]}