{"current_time": 1658793600000, "data": [[1658793600000, 11.7], [1658880000000, 11.521464347839355], [1658966400000, 11.621047019958496], [1659052800000, 11.747859001159668], [1659139200000, 11.519829750061035], [1659225600000, 11.321518898010254], [1659312000000, 11.505013465881348], [1659398400000, 11.263827323913574], [1659484800000, 11.375941276550293], [1659571200000, 11.23579216003418], [1659657600000, 11.334518432617188], [1659744000000, 11.540475845336914], [1659830400000, 11.568669319152832], [1659916800000, 11.679105758666992], [1660003200000, 11.505738258361816], [1660089600000, 11.215021133422852], [1660176000000, 11.370219230651855], [1660262400000, 11.33376407623291], [1660348800000, 11.284355163574219], [1660435200000, 11.105414390563965], [1660521600000, 11.160172462463379], [1660608000000, 11.487714767456055], [1660694400000, 11.230198860168457], [1660780800000, 10.908803939819336], [1660867200000, 11.096500396728516], [1660953600000, 10.8505220413208], [1661040000000, 11.160597801208496], [1661126400000, 11.030572891235352], [1661212800000, 10.836003303527832], [1661299200000, 11.105135917663574], [1661385600000, 10.877833366394043], [1661472000000, 10.823037147521973], [1661558400000, 10.83944034576416], [1661644800000, 10.435333251953125], [1661731200000, 10.887930870056152], [1661817600000, 10.777888298034668], [1661904000000, 10.84234619140625], [1661990400000, 10.99827766418457], [1662076800000, 10.614869117736816], [1662163200000, 10.613975524902344], [1662249600000, 10.416584968566895], [1662336000000, 10.687782287597656], [1662422400000, 10.927352905273438], [1662508800000, 10.790040969848633], [1662595200000, 10.653387069702148], [1662681600000, 10.74504566192627], [1662768000000, 10.461270332336426], [1662854400000, 10.85929012298584], [1662940800000, 10.712294578552246], [1663027200000, 10.54151725769043], [1663113600000, 10.72726058959961], [1663200000000, 10.46126651763916], [1663286400000, 10.508916854858398], [1663372800000, 10.406925201416016], [1663459200000, 10.12677001953125], [1663545600000, 10.443327903747559], [1663632000000, 10.56253719329834], [1663718400000, 10.22057819366455], [1663804800000, 10.538339614868164], [1663891200000, 10.180411338806152]]}