{"current_time": 1658793600000, "data": [[1658793600000, 8.1], [1658880000000, 7.932309150695801], [1658966400000, 7.928949356079102], [1659052800000, 7.931916236877441], [1659139200000, 7.95064640045166], [1659225600000, 8.0093355178833], [1659312000000, 8.104202270507812], [1659398400000, 8.221668243408203], [1659484800000, 8.342490196228027], [1659571200000, 8.440958023071289], [1659657600000, 8.50385570526123], [1659744000000, 8.540184020996094], [1659830400000, 8.5676908493042], [1659916800000, 8.593355178833008], [1660003200000, 8.61783218383789], [1660089600000, 8.644561767578125], [1660176000000, 8.680516242980957], [1660262400000, 8.726970672607422], [1660348800000, 8.781789779663086], [1660435200000, 8.836442947387695], [1660521600000, 8.884969711303711], [1660608000000, 8.925000190734863], [1660694400000, 8.956975936889648], [1660780800000, 8.978781700134277], [1660867200000, 8.996277809143066], [1660953600000, 9.013564109802246], [1661040000000, 9.034363746643066], [1661126400000, 9.057701110839844], [1661212800000, 9.084248542785645], [1661299200000, 9.111828804016113], [1661385600000, 9.139235496520996], [1661472000000, 9.164872169494629], [1661558400000, 9.18850040435791], [1661644800000, 9.210555076599121], [1661731200000, 9.227156639099121], [1661817600000, 9.241297721862793], [1661904000000, 9.252274513244629], [1661990400000, 9.259604454040527], [1662076800000, 9.265009880065918], [1662163200000, 9.268903732299805], [1662249600000, 9.277722358703613], [1662336000000, 9.289968490600586], [1662422400000, 9.304655075073242], [1662508800000, 9.318562507629395], [1662595200000, 9.335787773132324], [1662681600000, 9.355992317199707], [1662768000000, 9.376270294189453], [1662854400000, 9.399219512939453], [1662940800000, 9.427494049072266], [1663027200000, 9.456998825073242], [1663113600000, 9.487602233886719], [1663200000000, 9.519500732421875], [1663286400000, 9.552257537841797], [1663372800000, 9.585851669311523], [1663459200000, 9.617828369140625], [1663545600000, 9.648431777954102], [1663632000000, 9.67850399017334], [1663718400000, 9.7080659866333], [1663804800000, 9.737128257751465], [1663891200000, 9.765634536743164]]}