{"current_time": 1658793600000, "data": [[1658793600000, 507.11], [1658880000000, 509.05426025390625], [1658966400000, 503.5110778808594], [1659052800000, 497.1909484863281], [1659139200000, 493.36834716796875], [1659225600000, 489.0146179199219], [1659312000000, 478.86236572265625], [1659398400000, 465.0192565917969], [1659484800000, 465.1151428222656], [1659571200000, 469.8494873046875], [1659657600000, 474.9526672363281], [1659744000000, 479.0680847167969], [1659830400000, 481.2812194824219], [1659916800000, 481.8950500488281], [1660003200000, 483.267333984375], [1660089600000, 483.7987976074219], [1660176000000, 481.7022399902344], [1660262400000, 478.65826416015625], [1660348800000, 475.2362060546875], [1660435200000, 471.5718994140625], [1660521600000, 467.32763671875], [1660608000000, 463.130126953125], [1660694400000, 459.23895263671875], [1660780800000, 455.0472106933594], [1660867200000, 450.96490478515625], [1660953600000, 446.8773498535156], [1661040000000, 442.3945617675781], [1661126400000, 437.7685852050781], [1661212800000, 434.10833740234375], [1661299200000, 432.39825439453125], [1661385600000, 431.66815185546875], [1661472000000, 432.3348388671875], [1661558400000, 432.9527587890625], [1661644800000, 433.8683776855469], [1661731200000, 435.0345764160156], [1661817600000, 435.50592041015625], [1661904000000, 434.6596374511719], [1661990400000, 431.0809631347656], [1662076800000, 425.7259521484375], [1662163200000, 420.6895751953125], [1662249600000, 416.5875244140625], [1662336000000, 413.6036071777344], [1662422400000, 411.58343505859375], [1662508800000, 409.45635986328125], [1662595200000, 407.1850280761719], [1662681600000, 405.0697326660156], [1662768000000, 402.8744812011719], [1662854400000, 399.8255615234375], [1662940800000, 395.88037109375], [1663027200000, 392.4184265136719], [1663113600000, 389.0868225097656], [1663200000000, 386.5777282714844], [1663286400000, 384.34326171875], [1663372800000, 382.59027099609375], [1663459200000, 380.8588562011719], [1663545600000, 378.85809326171875], [1663632000000, 376.0711975097656], [1663718400000, 372.9469909667969], [1663804800000, 369.10235595703125], [1663891200000, 365.2399597167969]]}