{"current_time": 1658793600000, "data": [[1658793600000, 282.88], [1658880000000, 277.1326599121094], [1658966400000, 279.20281982421875], [1659052800000, 281.0870361328125], [1659139200000, 282.68206787109375], [1659225600000, 284.2496032714844], [1659312000000, 287.28448486328125], [1659398400000, 289.6178283691406], [1659484800000, 291.4888000488281], [1659571200000, 293.5928039550781], [1659657600000, 295.4659423828125], [1659744000000, 296.9419250488281], [1659830400000, 298.96331787109375], [1659916800000, 300.99365234375], [1660003200000, 302.01409912109375], [1660089600000, 302.5733337402344], [1660176000000, 303.1861572265625], [1660262400000, 303.20660400390625], [1660348800000, 302.7659912109375], [1660435200000, 302.2998962402344], [1660521600000, 301.9375915527344], [1660608000000, 300.43017578125], [1660694400000, 298.07855224609375], [1660780800000, 296.0058288574219], [1660867200000, 293.6532897949219], [1660953600000, 290.1165466308594], [1661040000000, 288.87225341796875], [1661126400000, 289.78765869140625], [1661212800000, 292.4591369628906], [1661299200000, 292.689208984375], [1661385600000, 291.98895263671875], [1661472000000, 292.3102722167969], [1661558400000, 293.8609924316406], [1661644800000, 295.2983093261719], [1661731200000, 295.3542175292969], [1661817600000, 294.3584899902344], [1661904000000, 293.1128234863281], [1661990400000, 292.1472473144531], [1662076800000, 291.7202453613281], [1662163200000, 291.76953125], [1662249600000, 292.811279296875], [1662336000000, 294.09307861328125], [1662422400000, 294.5865173339844], [1662508800000, 295.13623046875], [1662595200000, 296.3233337402344], [1662681600000, 297.234375], [1662768000000, 297.65185546875], [1662854400000, 297.83526611328125], [1662940800000, 297.88494873046875], [1663027200000, 297.649169921875], [1663113600000, 296.935546875], [1663200000000, 295.76605224609375], [1663286400000, 294.4730224609375], [1663372800000, 293.3229675292969], [1663459200000, 292.6495056152344], [1663545600000, 292.39276123046875], [1663632000000, 292.677978515625], [1663718400000, 293.25799560546875], [1663804800000, 294.2410888671875], [1663891200000, 295.5296325683594]]}