{"current_time": 1658793600000, "data": [[1658793600000, 282.88], [1658880000000, 276.9692077636719], [1658966400000, 280.3765563964844], [1659052800000, 286.2381591796875], [1659139200000, 292.3667907714844], [1659225600000, 297.9620666503906], [1659312000000, 302.4447021484375], [1659398400000, 306.1408996582031], [1659484800000, 309.3277893066406], [1659571200000, 311.6358947753906], [1659657600000, 313.24298095703125], [1659744000000, 314.6944885253906], [1659830400000, 316.2355041503906], [1659916800000, 317.8882141113281], [1660003200000, 319.34674072265625], [1660089600000, 320.8712158203125], [1660176000000, 322.15936279296875], [1660262400000, 322.6966247558594], [1660348800000, 322.2845153808594], [1660435200000, 320.8421936035156], [1660521600000, 318.17578125], [1660608000000, 313.2514953613281], [1660694400000, 307.2275390625], [1660780800000, 302.1934814453125], [1660867200000, 299.10589599609375], [1660953600000, 298.03631591796875], [1661040000000, 298.3423156738281], [1661126400000, 299.3072814941406], [1661212800000, 299.8703308105469], [1661299200000, 300.4778747558594], [1661385600000, 301.5694885253906], [1661472000000, 303.0079650878906], [1661558400000, 304.73895263671875], [1661644800000, 306.8814392089844], [1661731200000, 309.3286437988281], [1661817600000, 311.9169616699219], [1661904000000, 314.6466064453125], [1661990400000, 317.08770751953125], [1662076800000, 318.9300537109375], [1662163200000, 320.1109619140625], [1662249600000, 320.8896484375], [1662336000000, 321.1839599609375], [1662422400000, 321.75860595703125], [1662508800000, 322.6297302246094], [1662595200000, 324.20538330078125], [1662681600000, 326.343017578125], [1662768000000, 328.9632873535156], [1662854400000, 331.2200622558594], [1662940800000, 331.6420593261719], [1663027200000, 326.6038818359375], [1663113600000, 319.8206787109375], [1663200000000, 314.97186279296875], [1663286400000, 313.6727294921875], [1663372800000, 315.2149963378906], [1663459200000, 318.2433166503906], [1663545600000, 321.28857421875], [1663632000000, 323.49896240234375], [1663718400000, 325.2151184082031], [1663804800000, 326.83935546875], [1663891200000, 328.32879638671875]]}