{"current_time": 1658793600000, "data": [[1658793600000, 282.88], [1658880000000, 295.6679992675781], [1658966400000, 292.28619384765625], [1659052800000, 289.2858581542969], [1659139200000, 288.347900390625], [1659225600000, 288.8829650878906], [1659312000000, 289.2959289550781], [1659398400000, 289.8033447265625], [1659484800000, 290.6179504394531], [1659571200000, 291.3438720703125], [1659657600000, 291.498291015625], [1659744000000, 291.6891174316406], [1659830400000, 291.8216857910156], [1659916800000, 291.8439636230469], [1660003200000, 292.04229736328125], [1660089600000, 292.2792663574219], [1660176000000, 292.1757507324219], [1660262400000, 292.1241149902344], [1660348800000, 292.2822265625], [1660435200000, 292.3733215332031], [1660521600000, 292.1891174316406], [1660608000000, 291.6892395019531], [1660694400000, 291.04638671875], [1660780800000, 290.1783752441406], [1660867200000, 289.19451904296875], [1660953600000, 288.3697204589844], [1661040000000, 287.49700927734375], [1661126400000, 286.4106750488281], [1661212800000, 285.34844970703125], [1661299200000, 284.8697509765625], [1661385600000, 284.19451904296875], [1661472000000, 283.85107421875], [1661558400000, 283.34735107421875], [1661644800000, 283.0068359375], [1661731200000, 282.84588623046875], [1661817600000, 282.5304260253906], [1661904000000, 281.85882568359375], [1661990400000, 280.706298828125], [1662076800000, 279.4580078125], [1662163200000, 278.2491760253906], [1662249600000, 277.3165283203125], [1662336000000, 276.7702331542969], [1662422400000, 276.7669982910156], [1662508800000, 277.21527099609375], [1662595200000, 277.8461608886719], [1662681600000, 278.5148010253906], [1662768000000, 279.25347900390625], [1662854400000, 279.97393798828125], [1662940800000, 280.431640625], [1663027200000, 280.8922424316406], [1663113600000, 281.19757080078125], [1663200000000, 281.5592041015625], [1663286400000, 281.8505859375], [1663372800000, 282.1528625488281], [1663459200000, 282.4639892578125], [1663545600000, 282.8774719238281], [1663632000000, 283.20135498046875], [1663718400000, 283.4902038574219], [1663804800000, 283.5401306152344], [1663891200000, 283.4421691894531]]}