{"current_time": 1658793600000, "data": [[1658793600000, 1185.07], [1658880000000, 1189.24951171875], [1658966400000, 1191.166259765625], [1659052800000, 1194.536376953125], [1659139200000, 1199.7972412109375], [1659225600000, 1207.72216796875], [1659312000000, 1216.9642333984375], [1659398400000, 1223.7935791015625], [1659484800000, 1231.60693359375], [1659571200000, 1240.8919677734375], [1659657600000, 1250.4268798828125], [1659744000000, 1260.692138671875], [1659830400000, 1269.80615234375], [1659916800000, 1277.5299072265625], [1660003200000, 1285.5948486328125], [1660089600000, 1293.2308349609375], [1660176000000, 1300.671142578125], [1660262400000, 1308.09130859375], [1660348800000, 1315.654052734375], [1660435200000, 1324.1097412109375], [1660521600000, 1333.0655517578125], [1660608000000, 1342.58447265625], [1660694400000, 1353.158447265625], [1660780800000, 1364.792236328125], [1660867200000, 1376.994873046875], [1660953600000, 1390.3232421875], [1661040000000, 1404.615234375], [1661126400000, 1418.6810302734375], [1661212800000, 1432.98828125], [1661299200000, 1446.7071533203125], [1661385600000, 1460.8240966796875], [1661472000000, 1476.41943359375], [1661558400000, 1492.200927734375], [1661644800000, 1506.7078857421875], [1661731200000, 1518.3814697265625], [1661817600000, 1528.6102294921875], [1661904000000, 1536.5355224609375], [1661990400000, 1542.2034912109375], [1662076800000, 1546.5296630859375], [1662163200000, 1550.5118408203125], [1662249600000, 1553.5611572265625], [1662336000000, 1555.616943359375], [1662422400000, 1557.277099609375], [1662508800000, 1559.5819091796875], [1662595200000, 1560.3197021484375], [1662681600000, 1560.100830078125], [1662768000000, 1560.7799072265625], [1662854400000, 1561.0567626953125], [1662940800000, 1561.3267822265625], [1663027200000, 1561.8236083984375], [1663113600000, 1562.7757568359375], [1663200000000, 1563.5516357421875], [1663286400000, 1564.0677490234375], [1663372800000, 1564.23583984375], [1663459200000, 1564.48828125], [1663545600000, 1565.3621826171875], [1663632000000, 1566.6954345703125], [1663718400000, 1567.915771484375], [1663804800000, 1569.0621337890625], [1663891200000, 1570.24462890625]]}