{"current_time": 1658793600000, "data": [[1658793600000, 1185.07], [1658880000000, 1185.103271484375], [1658966400000, 1183.7935791015625], [1659052800000, 1170.796875], [1659139200000, 1163.8402099609375], [1659225600000, 1164.7196044921875], [1659312000000, 1167.4178466796875], [1659398400000, 1169.305419921875], [1659484800000, 1168.9769287109375], [1659571200000, 1170.00390625], [1659657600000, 1170.85888671875], [1659744000000, 1173.4327392578125], [1659830400000, 1177.3028564453125], [1659916800000, 1179.5179443359375], [1660003200000, 1182.3038330078125], [1660089600000, 1184.66943359375], [1660176000000, 1186.2625732421875], [1660262400000, 1187.43310546875], [1660348800000, 1188.5633544921875], [1660435200000, 1191.19384765625], [1660521600000, 1194.130615234375], [1660608000000, 1196.9456787109375], [1660694400000, 1198.5960693359375], [1660780800000, 1199.423095703125], [1660867200000, 1199.2537841796875], [1660953600000, 1199.873779296875], [1661040000000, 1203.1217041015625], [1661126400000, 1206.6431884765625], [1661212800000, 1209.2281494140625], [1661299200000, 1210.6439208984375], [1661385600000, 1211.13232421875], [1661472000000, 1213.7401123046875], [1661558400000, 1217.0570068359375], [1661644800000, 1220.260986328125], [1661731200000, 1223.0462646484375], [1661817600000, 1226.01611328125], [1661904000000, 1229.2662353515625], [1661990400000, 1231.467529296875], [1662076800000, 1233.859619140625], [1662163200000, 1236.8463134765625], [1662249600000, 1239.75830078125], [1662336000000, 1241.633056640625], [1662422400000, 1243.7900390625], [1662508800000, 1247.3782958984375], [1662595200000, 1250.58447265625], [1662681600000, 1252.674560546875], [1662768000000, 1255.765869140625], [1662854400000, 1258.867431640625], [1662940800000, 1260.9107666015625], [1663027200000, 1263.189208984375], [1663113600000, 1266.1004638671875], [1663200000000, 1269.348388671875], [1663286400000, 1272.435791015625], [1663372800000, 1275.269287109375], [1663459200000, 1277.6102294921875], [1663545600000, 1280.27685546875], [1663632000000, 1283.510498046875], [1663718400000, 1286.8115234375], [1663804800000, 1289.89697265625], [1663891200000, 1292.7174072265625]]}