{"current_time": 1658793600000, "data": [[1658793600000, 12.1], [1658880000000, 12.11333179473877], [1658966400000, 12.171473503112793], [1659052800000, 12.134316444396973], [1659139200000, 12.18934440612793], [1659225600000, 12.207818984985352], [1659312000000, 12.256112098693848], [1659398400000, 12.226046562194824], [1659484800000, 12.231621742248535], [1659571200000, 12.238192558288574], [1659657600000, 12.25802230834961], [1659744000000, 12.227958679199219], [1659830400000, 12.176640510559082], [1659916800000, 12.151147842407227], [1660003200000, 12.15532112121582], [1660089600000, 12.16327953338623], [1660176000000, 12.151132583618164], [1660262400000, 12.155808448791504], [1660348800000, 12.151016235351562], [1660435200000, 12.147626876831055], [1660521600000, 12.127283096313477], [1660608000000, 12.120116233825684], [1660694400000, 12.083989143371582], [1660780800000, 12.006251335144043], [1660867200000, 11.93427562713623], [1660953600000, 11.93095588684082], [1661040000000, 11.947535514831543], [1661126400000, 11.95948600769043], [1661212800000, 11.953499794006348], [1661299200000, 11.955253601074219], [1661385600000, 11.969435691833496], [1661472000000, 11.955620765686035], [1661558400000, 11.926138877868652], [1661644800000, 11.884982109069824], [1661731200000, 11.841103553771973], [1661817600000, 11.803351402282715], [1661904000000, 11.783526420593262], [1661990400000, 11.77218246459961], [1662076800000, 11.769007682800293], [1662163200000, 11.76097583770752], [1662249600000, 11.764760971069336], [1662336000000, 11.769372940063477], [1662422400000, 11.772289276123047], [1662508800000, 11.77682876586914], [1662595200000, 11.772356033325195], [1662681600000, 11.753063201904297], [1662768000000, 11.724984169006348], [1662854400000, 11.709555625915527], [1662940800000, 11.706192016601562], [1663027200000, 11.71138858795166], [1663113600000, 11.714438438415527], [1663200000000, 11.719685554504395], [1663286400000, 11.70613956451416], [1663372800000, 11.689072608947754], [1663459200000, 11.674087524414062], [1663545600000, 11.673626899719238], [1663632000000, 11.674273490905762], [1663718400000, 11.675006866455078], [1663804800000, 11.673698425292969], [1663891200000, 11.670132637023926]]}