{"current_time": 1658793600000, "data": [[1658793600000, 11.7], [1658880000000, 11.711220741271973], [1658966400000, 11.525527954101562], [1659052800000, 11.39055347442627], [1659139200000, 11.376165390014648], [1659225600000, 11.384029388427734], [1659312000000, 11.431967735290527], [1659398400000, 11.465812683105469], [1659484800000, 11.410406112670898], [1659571200000, 11.370430946350098], [1659657600000, 11.323956489562988], [1659744000000, 11.276381492614746], [1659830400000, 11.261124610900879], [1659916800000, 11.251757621765137], [1660003200000, 11.226210594177246], [1660089600000, 11.20052433013916], [1660176000000, 11.230571746826172], [1660262400000, 11.23348617553711], [1660348800000, 11.245416641235352], [1660435200000, 11.26144027709961], [1660521600000, 11.187066078186035], [1660608000000, 11.053534507751465], [1660694400000, 11.119096755981445], [1660780800000, 11.111250877380371], [1660867200000, 11.097591400146484], [1660953600000, 11.070991516113281], [1661040000000, 11.112860679626465], [1661126400000, 11.203300476074219], [1661212800000, 11.189199447631836], [1661299200000, 11.087382316589355], [1661385600000, 11.006665229797363], [1661472000000, 10.958044052124023], [1661558400000, 10.919785499572754], [1661644800000, 10.85419750213623], [1661731200000, 10.771646499633789], [1661817600000, 10.682619094848633], [1661904000000, 10.709538459777832], [1661990400000, 10.768034934997559], [1662076800000, 10.77225112915039], [1662163200000, 10.70837116241455], [1662249600000, 10.648189544677734], [1662336000000, 10.650647163391113], [1662422400000, 10.663213729858398], [1662508800000, 10.630450248718262], [1662595200000, 10.55488109588623], [1662681600000, 10.507787704467773], [1662768000000, 10.537703514099121], [1662854400000, 10.535284042358398], [1662940800000, 10.518007278442383], [1663027200000, 10.47429370880127], [1663113600000, 10.431158065795898], [1663200000000, 10.381075859069824], [1663286400000, 10.337067604064941], [1663372800000, 10.291350364685059], [1663459200000, 10.24349594116211], [1663545600000, 10.22120475769043], [1663632000000, 10.208361625671387], [1663718400000, 10.204548835754395], [1663804800000, 10.200220108032227], [1663891200000, 10.176604270935059]]}