{"current_time": 1658793600000, "data": [[1658793600000, 8.1], [1658880000000, 7.984565258026123], [1658966400000, 7.960224151611328], [1659052800000, 7.953786373138428], [1659139200000, 7.951765060424805], [1659225600000, 7.928061485290527], [1659312000000, 7.89656400680542], [1659398400000, 7.855441093444824], [1659484800000, 7.837829113006592], [1659571200000, 7.807895183563232], [1659657600000, 7.767268657684326], [1659744000000, 7.718281269073486], [1659830400000, 7.694051265716553], [1659916800000, 7.6626715660095215], [1660003200000, 7.642660617828369], [1660089600000, 7.630117893218994], [1660176000000, 7.623222351074219], [1660262400000, 7.61936616897583], [1660348800000, 7.628406524658203], [1660435200000, 7.634353160858154], [1660521600000, 7.634639739990234], [1660608000000, 7.630036354064941], [1660694400000, 7.630128860473633], [1660780800000, 7.616766929626465], [1660867200000, 7.599287986755371], [1660953600000, 7.57755708694458], [1661040000000, 7.560884952545166], [1661126400000, 7.551857948303223], [1661212800000, 7.549294471740723], [1661299200000, 7.557466983795166], [1661385600000, 7.575011253356934], [1661472000000, 7.592668533325195], [1661558400000, 7.579824447631836], [1661644800000, 7.594610214233398], [1661731200000, 7.600031852722168], [1661817600000, 7.609611988067627], [1661904000000, 7.618688106536865], [1661990400000, 7.616668224334717], [1662076800000, 7.6118855476379395], [1662163200000, 7.608203411102295], [1662249600000, 7.593827724456787], [1662336000000, 7.573352813720703], [1662422400000, 7.5701003074646], [1662508800000, 7.5621337890625], [1662595200000, 7.561577796936035], [1662681600000, 7.56885290145874], [1662768000000, 7.576759338378906], [1662854400000, 7.569053649902344], [1662940800000, 7.570950031280518], [1663027200000, 7.574331760406494], [1663113600000, 7.579583644866943], [1663200000000, 7.594144344329834], [1663286400000, 7.595005512237549], [1663372800000, 7.608219623565674], [1663459200000, 7.619431972503662], [1663545600000, 7.6279826164245605], [1663632000000, 7.63194465637207], [1663718400000, 7.622241973876953], [1663804800000, 7.627805709838867], [1663891200000, 7.630468845367432]]}