{"current_time": 1658793600000, "data": [[1658793600000, 8.1], [1658880000000, 7.931316375732422], [1658966400000, 7.941961288452148], [1659052800000, 7.952437877655029], [1659139200000, 7.966132640838623], [1659225600000, 7.976028919219971], [1659312000000, 7.97713041305542], [1659398400000, 7.965884685516357], [1659484800000, 7.952463150024414], [1659571200000, 7.9305830001831055], [1659657600000, 7.904743671417236], [1659744000000, 7.879924774169922], [1659830400000, 7.8633575439453125], [1659916800000, 7.850426197052002], [1660003200000, 7.846604347229004], [1660089600000, 7.8489298820495605], [1660176000000, 7.854310512542725], [1660262400000, 7.8606414794921875], [1660348800000, 7.870560169219971], [1660435200000, 7.879534721374512], [1660521600000, 7.885916709899902], [1660608000000, 7.888633728027344], [1660694400000, 7.8888959884643555], [1660780800000, 7.884320259094238], [1660867200000, 7.878188610076904], [1660953600000, 7.8732404708862305], [1661040000000, 7.871963977813721], [1661126400000, 7.873808860778809], [1661212800000, 7.876589775085449], [1661299200000, 7.877744674682617], [1661385600000, 7.87437105178833], [1661472000000, 7.863606929779053], [1661558400000, 7.846975326538086], [1661644800000, 7.838441371917725], [1661731200000, 7.824903964996338], [1661817600000, 7.815581321716309], [1661904000000, 7.811771869659424], [1661990400000, 7.814477443695068], [1662076800000, 7.8210225105285645], [1662163200000, 7.830420017242432], [1662249600000, 7.839132785797119], [1662336000000, 7.844324588775635], [1662422400000, 7.847140312194824], [1662508800000, 7.84766149520874], [1662595200000, 7.848496437072754], [1662681600000, 7.850582122802734], [1662768000000, 7.8524956703186035], [1662854400000, 7.851072311401367], [1662940800000, 7.852748870849609], [1663027200000, 7.854564189910889], [1663113600000, 7.8561577796936035], [1663200000000, 7.857032299041748], [1663286400000, 7.856681823730469], [1663372800000, 7.856390476226807], [1663459200000, 7.855424404144287], [1663545600000, 7.854147911071777], [1663632000000, 7.852815628051758], [1663718400000, 7.851983547210693], [1663804800000, 7.8526811599731445], [1663891200000, 7.852487087249756]]}