{"current_time": 1658793600000, "data": [[1658793600000, 507.11], [1658880000000, 518.121826171875], [1658966400000, 523.97265625], [1659052800000, 533.3736572265625], [1659139200000, 538.4622802734375], [1659225600000, 548.755126953125], [1659312000000, 561.0823974609375], [1659398400000, 569.8941650390625], [1659484800000, 574.6221313476562], [1659571200000, 577.1123046875], [1659657600000, 576.5690307617188], [1659744000000, 573.60400390625], [1659830400000, 575.7218627929688], [1659916800000, 576.4081420898438], [1660003200000, 574.6241455078125], [1660089600000, 575.1910400390625], [1660176000000, 581.2266235351562], [1660262400000, 584.9257202148438], [1660348800000, 585.53515625], [1660435200000, 580.5669555664062], [1660521600000, 578.4913330078125], [1660608000000, 579.5418090820312], [1660694400000, 584.76513671875], [1660780800000, 582.7503051757812], [1660867200000, 575.2200927734375], [1660953600000, 565.8607177734375], [1661040000000, 561.40771484375], [1661126400000, 559.1336669921875], [1661212800000, 566.6714477539062], [1661299200000, 566.1187133789062], [1661385600000, 561.375], [1661472000000, 556.8035278320312], [1661558400000, 570.6248168945312], [1661644800000, 580.5250854492188], [1661731200000, 584.5358276367188], [1661817600000, 584.7976684570312], [1661904000000, 583.8463134765625], [1661990400000, 584.2755126953125], [1662076800000, 588.8963012695312], [1662163200000, 593.6895141601562], [1662249600000, 594.3516845703125], [1662336000000, 594.2483520507812], [1662422400000, 596.5111694335938], [1662508800000, 603.0615234375], [1662595200000, 612.806884765625], [1662681600000, 619.5028686523438], [1662768000000, 621.9794921875], [1662854400000, 621.3578491210938], [1662940800000, 623.28564453125], [1663027200000, 627.9517211914062], [1663113600000, 634.2656860351562], [1663200000000, 639.7635498046875], [1663286400000, 644.1785278320312], [1663372800000, 649.4873046875], [1663459200000, 655.0933837890625], [1663545600000, 664.1534423828125], [1663632000000, 677.9585571289062], [1663718400000, 692.9108276367188], [1663804800000, 698.91748046875], [1663891200000, 700.3134155273438]]}