{"current_time": 1658793600000, "data": [[1658793600000, 507.11], [1658880000000, 523.0962524414062], [1658966400000, 525.21533203125], [1659052800000, 524.197998046875], [1659139200000, 525.8426513671875], [1659225600000, 526.7281494140625], [1659312000000, 523.96337890625], [1659398400000, 521.1861572265625], [1659484800000, 521.6787109375], [1659571200000, 525.056640625], [1659657600000, 527.9879760742188], [1659744000000, 527.5855712890625], [1659830400000, 528.363525390625], [1659916800000, 534.3273315429688], [1660003200000, 540.51171875], [1660089600000, 546.1573486328125], [1660176000000, 552.4515991210938], [1660262400000, 559.4990234375], [1660348800000, 563.685546875], [1660435200000, 565.6807250976562], [1660521600000, 565.1387329101562], [1660608000000, 560.052734375], [1660694400000, 553.8665161132812], [1660780800000, 546.6593627929688], [1660867200000, 538.9790649414062], [1660953600000, 532.470947265625], [1661040000000, 530.7252807617188], [1661126400000, 530.64208984375], [1661212800000, 532.1431884765625], [1661299200000, 533.87744140625], [1661385600000, 537.0106811523438], [1661472000000, 540.4835205078125], [1661558400000, 542.6753540039062], [1661644800000, 542.8815307617188], [1661731200000, 540.498291015625], [1661817600000, 540.515869140625], [1661904000000, 541.6027221679688], [1661990400000, 543.7314453125], [1662076800000, 544.5457763671875], [1662163200000, 544.7456665039062], [1662249600000, 544.2578735351562], [1662336000000, 544.1072387695312], [1662422400000, 544.7615356445312], [1662508800000, 544.6533813476562], [1662595200000, 544.1842651367188], [1662681600000, 542.4146728515625], [1662768000000, 541.0337524414062], [1662854400000, 540.983642578125], [1662940800000, 543.0455322265625], [1663027200000, 546.05810546875], [1663113600000, 549.95751953125], [1663200000000, 554.2315673828125], [1663286400000, 558.8333129882812], [1663372800000, 563.8383178710938], [1663459200000, 569.623779296875], [1663545600000, 575.1124877929688], [1663632000000, 578.7767333984375], [1663718400000, 579.9154663085938], [1663804800000, 581.0390625], [1663891200000, 586.3951416015625]]}