{"current_time": 1658793600000, "data": [[1658793600000, 88.41], [1658880000000, 89.18708801269531], [1658966400000, 89.26033020019531], [1659052800000, 89.25118255615234], [1659139200000, 89.81108093261719], [1659225600000, 90.74535369873047], [1659312000000, 91.70353698730469], [1659398400000, 92.19766235351562], [1659484800000, 92.69791412353516], [1659571200000, 93.56497955322266], [1659657600000, 94.17935943603516], [1659744000000, 94.38121795654297], [1659830400000, 94.64013671875], [1659916800000, 95.04310607910156], [1660003200000, 95.24081420898438], [1660089600000, 95.55741119384766], [1660176000000, 96.00479888916016], [1660262400000, 96.05445098876953], [1660348800000, 95.96434020996094], [1660435200000, 96.2427978515625], [1660521600000, 96.44715118408203], [1660608000000, 96.27474975585938], [1660694400000, 95.90567779541016], [1660780800000, 95.21015167236328], [1660867200000, 94.18426513671875], [1660953600000, 93.61023712158203], [1661040000000, 93.55530548095703], [1661126400000, 93.42743682861328], [1661212800000, 93.62335205078125], [1661299200000, 94.31279754638672], [1661385600000, 95.00208282470703], [1661472000000, 95.73490142822266], [1661558400000, 96.3135986328125], [1661644800000, 96.55302429199219], [1661731200000, 96.46894073486328], [1661817600000, 96.32183074951172], [1661904000000, 96.1281967163086], [1661990400000, 95.63548278808594], [1662076800000, 95.08499908447266], [1662163200000, 94.65867614746094], [1662249600000, 94.28239440917969], [1662336000000, 94.10850524902344], [1662422400000, 94.08787536621094], [1662508800000, 94.17185974121094], [1662595200000, 94.3956069946289], [1662681600000, 94.65706634521484], [1662768000000, 94.93080139160156], [1662854400000, 95.2397689819336], [1662940800000, 95.49574279785156], [1663027200000, 95.75875854492188], [1663113600000, 95.91496276855469], [1663200000000, 96.00312805175781], [1663286400000, 96.05768585205078], [1663372800000, 96.11767578125], [1663459200000, 96.275146484375], [1663545600000, 96.52378845214844], [1663632000000, 96.80368041992188], [1663718400000, 97.1193618774414], [1663804800000, 97.45303344726562], [1663891200000, 97.85658264160156]]}