{"current_time": 1658793600000, "data": [[1658793600000, 88.41], [1658880000000, 88.6475601196289], [1658966400000, 88.91244506835938], [1659052800000, 89.2640151977539], [1659139200000, 89.58866119384766], [1659225600000, 89.99883270263672], [1659312000000, 90.4611587524414], [1659398400000, 90.92256164550781], [1659484800000, 91.35296630859375], [1659571200000, 91.81265258789062], [1659657600000, 92.24665069580078], [1659744000000, 92.68484497070312], [1659830400000, 93.13571166992188], [1659916800000, 93.59963989257812], [1660003200000, 94.06544494628906], [1660089600000, 94.53960418701172], [1660176000000, 95.02874755859375], [1660262400000, 95.51068878173828], [1660348800000, 95.98338317871094], [1660435200000, 96.42823791503906], [1660521600000, 96.81846618652344], [1660608000000, 97.16570281982422], [1660694400000, 97.4743881225586], [1660780800000, 97.82996368408203], [1660867200000, 98.20841979980469], [1660953600000, 98.64063262939453], [1661040000000, 99.12317657470703], [1661126400000, 99.7104721069336], [1661212800000, 100.46405029296875], [1661299200000, 101.37506103515625], [1661385600000, 102.43846893310547], [1661472000000, 103.58831024169922], [1661558400000, 104.76873016357422], [1661644800000, 105.92082977294922], [1661731200000, 106.97926330566406], [1661817600000, 107.9491958618164], [1661904000000, 108.90812683105469], [1661990400000, 109.83418273925781], [1662076800000, 110.68965911865234], [1662163200000, 111.47306823730469], [1662249600000, 112.1827392578125], [1662336000000, 112.78862762451172], [1662422400000, 113.27945709228516], [1662508800000, 113.67515563964844], [1662595200000, 113.97637939453125], [1662681600000, 114.19912719726562], [1662768000000, 114.33869171142578], [1662854400000, 114.39897155761719], [1662940800000, 114.38742065429688], [1663027200000, 114.29900360107422], [1663113600000, 114.10323333740234], [1663200000000, 113.73107147216797], [1663286400000, 113.2063980102539], [1663372800000, 112.6550521850586], [1663459200000, 111.97637176513672], [1663545600000, 111.10830688476562], [1663632000000, 110.0461654663086], [1663718400000, 108.76333618164062], [1663804800000, 107.22865295410156], [1663891200000, 105.53621673583984]]}