{"current_time": 1658793600000, "data": [[1658793600000, 88.41], [1658880000000, 90.54402923583984], [1658966400000, 90.68135070800781], [1659052800000, 90.47612762451172], [1659139200000, 89.8345718383789], [1659225600000, 88.89537811279297], [1659312000000, 87.81503295898438], [1659398400000, 87.24468994140625], [1659484800000, 87.25008392333984], [1659571200000, 87.52799987792969], [1659657600000, 87.68983459472656], [1659744000000, 87.77587890625], [1659830400000, 87.77037048339844], [1659916800000, 87.75320434570312], [1660003200000, 87.73432922363281], [1660089600000, 87.64749908447266], [1660176000000, 87.42304229736328], [1660262400000, 87.29249572753906], [1660348800000, 87.23048400878906], [1660435200000, 87.13705444335938], [1660521600000, 86.98746490478516], [1660608000000, 86.74200439453125], [1660694400000, 86.40123748779297], [1660780800000, 85.86227416992188], [1660867200000, 84.9755630493164], [1660953600000, 84.02967834472656], [1661040000000, 83.71880340576172], [1661126400000, 83.75595092773438], [1661212800000, 83.73506927490234], [1661299200000, 83.73009490966797], [1661385600000, 83.91793060302734], [1661472000000, 84.13301086425781], [1661558400000, 84.29147338867188], [1661644800000, 84.43850708007812], [1661731200000, 84.97066497802734], [1661817600000, 85.18596649169922], [1661904000000, 85.15911865234375], [1661990400000, 84.97284698486328], [1662076800000, 84.70413970947266], [1662163200000, 84.42139434814453], [1662249600000, 84.18257904052734], [1662336000000, 83.95016479492188], [1662422400000, 83.67681884765625], [1662508800000, 83.3787841796875], [1662595200000, 83.09361267089844], [1662681600000, 82.81415557861328], [1662768000000, 82.5370864868164], [1662854400000, 82.28929901123047], [1662940800000, 82.08436584472656], [1663027200000, 82.01183319091797], [1663113600000, 82.13774108886719], [1663200000000, 82.1908950805664], [1663286400000, 81.99866485595703], [1663372800000, 81.6893310546875], [1663459200000, 81.47351837158203], [1663545600000, 81.12679290771484], [1663632000000, 80.394287109375], [1663718400000, 79.39197540283203], [1663804800000, 78.43480682373047], [1663891200000, 77.62991333007812]]}