{"current_time": 1658793600000, "data": [[1658793600000, 1218.49], [1658880000000, 1203.29833984375], [1658966400000, 1195.8773193359375], [1659052800000, 1183.216552734375], [1659139200000, 1170.2523193359375], [1659225600000, 1165.6976318359375], [1659312000000, 1165.126708984375], [1659398400000, 1155.97119140625], [1659484800000, 1146.753173828125], [1659571200000, 1140.8768310546875], [1659657600000, 1134.650634765625], [1659744000000, 1126.403076171875], [1659830400000, 1120.0216064453125], [1659916800000, 1112.57177734375], [1660003200000, 1103.88623046875], [1660089600000, 1092.7745361328125], [1660176000000, 1082.8145751953125], [1660262400000, 1075.8271484375], [1660348800000, 1068.90771484375], [1660435200000, 1059.0673828125], [1660521600000, 1047.6612548828125], [1660608000000, 1037.9630126953125], [1660694400000, 1029.75927734375], [1660780800000, 1018.1134643554688], [1660867200000, 1004.355224609375], [1660953600000, 992.0603637695312], [1661040000000, 984.5186767578125], [1661126400000, 978.8978271484375], [1661212800000, 969.03662109375], [1661299200000, 959.5247192382812], [1661385600000, 952.84326171875], [1661472000000, 946.1376342773438], [1661558400000, 939.0927734375], [1661644800000, 931.4185791015625], [1661731200000, 923.7799072265625], [1661817600000, 915.2508544921875], [1661904000000, 907.5073852539062], [1661990400000, 897.7000732421875], [1662076800000, 888.8394775390625], [1662163200000, 880.081787109375], [1662249600000, 872.8995971679688], [1662336000000, 863.8358764648438], [1662422400000, 855.6285400390625], [1662508800000, 849.1917724609375], [1662595200000, 843.7644653320312], [1662681600000, 836.86474609375], [1662768000000, 831.4131469726562], [1662854400000, 828.2620239257812], [1662940800000, 825.1744384765625], [1663027200000, 822.3279418945312], [1663113600000, 818.9951171875], [1663200000000, 815.8795166015625], [1663286400000, 813.52978515625], [1663372800000, 810.9239501953125], [1663459200000, 806.5350952148438], [1663545600000, 801.0877685546875], [1663632000000, 795.5646362304688], [1663718400000, 791.4694213867188], [1663804800000, 788.2540283203125], [1663891200000, 785.1520385742188]]}