{"current_time": 1658793600000, "data": [[1658793600000, 1218.49], [1658880000000, 1086.649169921875], [1658966400000, 1081.2830810546875], [1659052800000, 1076.1783447265625], [1659139200000, 1071.811767578125], [1659225600000, 1072.1982421875], [1659312000000, 1075.6455078125], [1659398400000, 1081.3994140625], [1659484800000, 1087.0345458984375], [1659571200000, 1092.7523193359375], [1659657600000, 1095.67333984375], [1659744000000, 1095.9090576171875], [1659830400000, 1092.3597412109375], [1659916800000, 1083.42822265625], [1660003200000, 1072.70166015625], [1660089600000, 1061.63330078125], [1660176000000, 1052.70751953125], [1660262400000, 1045.5296630859375], [1660348800000, 1039.1998291015625], [1660435200000, 1032.9886474609375], [1660521600000, 1026.948486328125], [1660608000000, 1022.0693359375], [1660694400000, 1016.0425415039062], [1660780800000, 1008.8111572265625], [1660867200000, 999.4918212890625], [1660953600000, 987.1148681640625], [1661040000000, 971.9993286132812], [1661126400000, 952.9417724609375], [1661212800000, 925.0443115234375], [1661299200000, 881.151611328125], [1661385600000, 839.8242797851562], [1661472000000, 842.5357055664062], [1661558400000, 848.3828735351562], [1661644800000, 836.4436645507812], [1661731200000, 818.756103515625], [1661817600000, 812.0822143554688], [1661904000000, 830.9528198242188], [1661990400000, 858.3530883789062], [1662076800000, 851.6012573242188], [1662163200000, 832.7880859375], [1662249600000, 837.557373046875], [1662336000000, 849.3760375976562], [1662422400000, 848.1757202148438], [1662508800000, 837.0966796875], [1662595200000, 821.5150146484375], [1662681600000, 793.3602294921875], [1662768000000, 772.35693359375], [1662854400000, 762.32861328125], [1662940800000, 758.1373291015625], [1663027200000, 747.9616088867188], [1663113600000, 734.6929321289062], [1663200000000, 731.982177734375], [1663286400000, 769.7257080078125], [1663372800000, 819.9526977539062], [1663459200000, 841.71875], [1663545600000, 843.0951538085938], [1663632000000, 838.3788452148438], [1663718400000, 825.9176025390625], [1663804800000, 823.52392578125], [1663891200000, 828.9544067382812]]}