{"current_time": 1658793600000, "data": [[1658793600000, 1218.49], [1658880000000, 1206.2860107421875], [1658966400000, 1197.9725341796875], [1659052800000, 1188.9552001953125], [1659139200000, 1179.6099853515625], [1659225600000, 1170.2916259765625], [1659312000000, 1162.828125], [1659398400000, 1156.7567138671875], [1659484800000, 1152.1739501953125], [1659571200000, 1148.068359375], [1659657600000, 1144.33984375], [1659744000000, 1140.3892822265625], [1659830400000, 1136.5848388671875], [1659916800000, 1132.46337890625], [1660003200000, 1127.5579833984375], [1660089600000, 1121.86328125], [1660176000000, 1115.7030029296875], [1660262400000, 1109.0269775390625], [1660348800000, 1101.9754638671875], [1660435200000, 1094.531982421875], [1660521600000, 1087.3824462890625], [1660608000000, 1080.3385009765625], [1660694400000, 1073.84619140625], [1660780800000, 1067.6251220703125], [1660867200000, 1062.5106201171875], [1660953600000, 1058.5196533203125], [1661040000000, 1055.3975830078125], [1661126400000, 1052.3243408203125], [1661212800000, 1048.7080078125], [1661299200000, 1045.5849609375], [1661385600000, 1043.30078125], [1661472000000, 1041.900390625], [1661558400000, 1040.706298828125], [1661644800000, 1039.3778076171875], [1661731200000, 1037.567626953125], [1661817600000, 1034.88427734375], [1661904000000, 1031.194091796875], [1661990400000, 1027.599609375], [1662076800000, 1024.2318115234375], [1662163200000, 1021.51611328125], [1662249600000, 1019.0841674804688], [1662336000000, 1016.92724609375], [1662422400000, 1015.28759765625], [1662508800000, 1013.4488525390625], [1662595200000, 1011.64892578125], [1662681600000, 1009.67626953125], [1662768000000, 1007.7562255859375], [1662854400000, 1005.7788696289062], [1662940800000, 1003.4910278320312], [1663027200000, 1001.0296020507812], [1663113600000, 998.570068359375], [1663200000000, 996.052001953125], [1663286400000, 993.1311645507812], [1663372800000, 989.7769165039062], [1663459200000, 986.2096557617188], [1663545600000, 982.7380981445312], [1663632000000, 979.4431762695312], [1663718400000, 976.3219604492188], [1663804800000, 973.4133911132812], [1663891200000, 970.7322998046875]]}