{"current_time": 1658793600000, "data": [[1658793600000, 1185.07], [1658880000000, 1120.4447021484375], [1658966400000, 1086.59375], [1659052800000, 1048.4658203125], [1659139200000, 1041.2978515625], [1659225600000, 1038.780029296875], [1659312000000, 1028.4954833984375], [1659398400000, 1014.6188354492188], [1659484800000, 1010.9600830078125], [1659571200000, 1007.2791137695312], [1659657600000, 991.15673828125], [1659744000000, 973.6776123046875], [1659830400000, 976.9749145507812], [1659916800000, 985.369384765625], [1660003200000, 995.384765625], [1660089600000, 997.301513671875], [1660176000000, 992.6431884765625], [1660262400000, 979.4335327148438], [1660348800000, 958.565673828125], [1660435200000, 934.234130859375], [1660521600000, 910.15185546875], [1660608000000, 889.6688842773438], [1660694400000, 875.2986450195312], [1660780800000, 866.3081665039062], [1660867200000, 860.4310302734375], [1660953600000, 856.10888671875], [1661040000000, 851.3699951171875], [1661126400000, 844.0369873046875], [1661212800000, 835.2380981445312], [1661299200000, 826.2816162109375], [1661385600000, 817.749267578125], [1661472000000, 804.7905883789062], [1661558400000, 787.6956176757812], [1661644800000, 780.4818725585938], [1661731200000, 771.9213256835938], [1661817600000, 762.5814208984375], [1661904000000, 759.853271484375], [1661990400000, 758.72802734375], [1662076800000, 757.797607421875], [1662163200000, 758.6443481445312], [1662249600000, 760.1287231445312], [1662336000000, 761.0359497070312], [1662422400000, 761.4436645507812], [1662508800000, 760.6448974609375], [1662595200000, 759.2847900390625], [1662681600000, 757.5982055664062], [1662768000000, 756.9180297851562], [1662854400000, 758.1088256835938], [1662940800000, 752.1348266601562], [1663027200000, 751.5496826171875], [1663113600000, 749.8301391601562], [1663200000000, 747.1481323242188], [1663286400000, 744.2640991210938], [1663372800000, 742.4578857421875], [1663459200000, 739.9080200195312], [1663545600000, 737.3312377929688], [1663632000000, 735.393310546875], [1663718400000, 734.2527465820312], [1663804800000, 733.4835205078125], [1663891200000, 730.9680786132812]]}